Workbook

Sheet DISEÑO
B2: DISEÑO DE PLACA BASE Y PERNOS DE ANCLAJE — COLUMNA DE ACERO
B3: AISC Design Guide 1 (3ra ed.) · AISC 360-16 (J2, J8) · ACI 318-19 Cap. 17 · LRFD · Unidades: Tonf, Tonf·m, mm, cm, kgf/cm²
B4: Celdas de ingreso: | C4: valor | D4: Calculado: | E4: valor | G4: Estados: VERDE ≤ límite · AMARILLO entre límite y 1.00 · ROJO > 1.00 (ratio = demanda / capacidad de diseño)
B6: DATOS GENERALES | G6: PLANTA (●rojo: fila en tracción) | J6: ELEVACIÓN (dirección N) | N6: VERIFICACIONES — combinación gobernante por chequeo
B7: Proyecto | C7: Galpón KUBIEC — ejemplo | N7: =IF(COUNT(S12:S34)=0,"SIN CARGAS",IF(MAX(S12:S34)>1,"✖ NO CUMPLE — ratio máx. "&TEXT(MAX(S12:S34),"0.00"),IF(MAX(S12:S34)>lim_verde,"▲ CUMPLE AL LÍMITE — ratio máx. "&TEXT(MAX(S12:S34),"0.00"),"✔ CUMPLE — ratio máx. "&TEXT(MAX(S12:S34),"0.00")))) -> ✔ CUMPLE — ratio máx. 0.85
B8: Elemento / nudo | C8: Columna interior C-1
B9: Límite verde / amarillo (ratio) | C9: 0.9
B10: 1. COLUMNA | N10: Verificación | O10: Referencia | P10: Demanda | Q10: Capacidad | R10: Unidad | S10: Ratio | T10: Estado | U10: Combo
B11: Perfil (catálogo o ARMADO) | C11: HA360X180X6X12 | E11: Armado (mm) | N11: PLACA BASE Y CONCRETO DE APOYO
B12: Peralte d | C12: =IF(col_perfil="ARMADO (flejes soldados)",E12,INDEX(CATALOGOS!$B$5:$B$60,MATCH(col_perfil,CATALOGOS!$A$5:$A$60,0))) -> 360 | D12: mm | E12: 350 | N12: Aplastamiento del concreto | O12: AISC J8 · DG1 | P12: =INDEX(CALCULO!$D$93:$M$93,MATCH(MAX(CALCULO!$D$92:$M$92),CALCULO!$D$92:$M$92,0)) -> 11 | Q12: =INDEX(CALCULO!$D$94:$M$94,MATCH(MAX(CALCULO!$D$92:$M$92),CALCULO!$D$92:$M$92,0)) -> 105.29269 | R12: =IF(INDEX(CALCULO!$D$88:$M$88,MATCH(MAX(CALCULO!$D$92:$M$92),CALCULO!$D$92:$M$92,0))=2,"Tonf·m","kgf/cm²") -> Tonf·m | S12: =MAX(CALCULO!$D$92:$M$92) -> 0.10447069 | T12: =IF(ISNUMBER(S12),IF(S12>1,"NO CUMPLE",IF(S12>lim_verde,"AL LÍMITE","CUMPLE")),"N/A") -> CUMPLE | U12: =IF(ISNUMBER(S12),INDEX(CALCULO!$D$81:$M$81,MATCH(MAX(CALCULO!$D$92:$M$92),CALCULO!$D$92:$M$92,0)),"—") -> 1.2D+1.0E+L
B13: Ancho de ala bf | C13: =IF(col_perfil="ARMADO (flejes soldados)",E13,INDEX(CATALOGOS!$C$5:$C$60,MATCH(col_perfil,CATALOGOS!$A$5:$A$60,0))) -> 180 | D13: mm | E13: 200 | N13: Flexión de placa — lado compresión | O13: DG1 Ec. 4-51a/4-52a | P13: =INDEX(CALCULO!$D$98:$M$98,MATCH(MAX(CALCULO!$D$100:$M$100),CALCULO!$D$100:$M$100,0)) -> 5869.4812 | Q13: =p_phiMn -> 6973.3125 | R13: kgf·cm/cm | S13: =MAX(CALCULO!$D$100:$M$100) -> 0.84170633 | T13: =IF(ISNUMBER(S13),IF(S13>1,"NO CUMPLE",IF(S13>lim_verde,"AL LÍMITE","CUMPLE")),"N/A") -> CUMPLE | U13: =IF(ISNUMBER(S13),INDEX(CALCULO!$D$81:$M$81,MATCH(MAX(CALCULO!$D$100:$M$100),CALCULO!$D$100:$M$100,0)),"—") -> 1.2D+1.0E+L
B14: Espesor de alma tw | C14: =IF(col_perfil="ARMADO (flejes soldados)",E14,INDEX(CATALOGOS!$D$5:$D$60,MATCH(col_perfil,CATALOGOS!$A$5:$A$60,0))) -> 6 | D14: mm | E14: 8 | N14: Flexión de placa — lado tracción | O14: DG1 Ec. 4-62 | P14: =INDEX(CALCULO!$D$99:$M$99,MATCH(MAX(CALCULO!$D$101:$M$101),CALCULO!$D$101:$M$101,0)) -> 2807.4953 | Q14: =p_phiMn -> 6973.3125 | R14: kgf·cm/cm | S14: =MAX(CALCULO!$D$101:$M$101) -> 0.40260569 | T14: =IF(ISNUMBER(S14),IF(S14>1,"NO CUMPLE",IF(S14>lim_verde,"AL LÍMITE","CUMPLE")),"N/A") -> CUMPLE | U14: =IF(ISNUMBER(S14),INDEX(CALCULO!$D$81:$M$81,MATCH(MAX(CALCULO!$D$101:$M$101),CALCULO!$D$101:$M$101,0)),"—") -> 0.9D+1.0E
B15: Espesor de ala tf | C15: =IF(col_perfil="ARMADO (flejes soldados)",E15,INDEX(CATALOGOS!$E$5:$E$60,MATCH(col_perfil,CATALOGOS!$A$5:$A$60,0))) -> 12 | D15: mm | E15: 12 | N15: PERNOS DE ANCLAJE — TRACCIÓN
B16: 2. PLACA BASE | N16: Acero del perno (por perno) | O16: ACI §17.6.1 | P16: =INDEX(CALCULO!$D$103:$M$103,MATCH(MAX(CALCULO!$D$105:$M$105),CALCULO!$D$105:$M$105,0))/1000 -> 7.3881455 | Q16: =s_phiNsa/1000 -> 15.446477 | R16: Tonf | S16: =MAX(CALCULO!$D$105:$M$105) -> 0.47830619 | T16: =IF(ISNUMBER(S16),IF(S16>1,"NO CUMPLE",IF(S16>lim_verde,"AL LÍMITE","CUMPLE")),"N/A") -> CUMPLE | U16: =IF(ISNUMBER(S16),INDEX(CALCULO!$D$81:$M$81,MATCH(MAX(CALCULO!$D$105:$M$105),CALCULO!$D$105:$M$105,0)),"—") -> 0.9D+1.0E
B17: Acero de placa | C17: A36 | N17: =IF(hp_usar="Sí","Refuerzo de anclaje (hairpins)","Arrancamiento del concreto (grupo)") -> Refuerzo de anclaje (hairpins) | O17: =IF(hp_usar="Sí","ACI §17.5.2.1","ACI §17.6.2") -> ACI §17.5.2.1 | P17: =INDEX(CALCULO!$D$110:$M$110,MATCH(MAX(CALCULO!$D$109:$M$109),CALCULO!$D$109:$M$109,0)) -> 14.776291 | Q17: =INDEX(CALCULO!$D$111:$M$111,MATCH(MAX(CALCULO!$D$109:$M$109),CALCULO!$D$109:$M$109,0)) -> 25.3386 | R17: Tonf | S17: =MAX(CALCULO!$D$109:$M$109) -> 0.58315341 | T17: =IF(ISNUMBER(S17),IF(S17>1,"NO CUMPLE",IF(S17>lim_verde,"AL LÍMITE","CUMPLE")),"N/A") -> CUMPLE | U17: =IF(ISNUMBER(S17),INDEX(CALCULO!$D$81:$M$81,MATCH(MAX(CALCULO!$D$109:$M$109),CALCULO!$D$109:$M$109,0)),"—") -> 0.9D+1.0E
B18: Fy placa | C18: =INDEX(CATALOGOS!$H$5:$H$20,MATCH(pl_acero,CATALOGOS!$G$5:$G$20,0)) -> 2530 | D18: kgf/cm² | N18: Extracción por deslizamiento (pullout) | O18: ACI §17.6.3 | P18: =INDEX(CALCULO!$D$103:$M$103,MATCH(MAX(CALCULO!$D$112:$M$112),CALCULO!$D$112:$M$112,0))/1000 -> 7.3881455 | Q18: =po_phiNp/1000 -> 33.111322 | R18: Tonf | S18: =MAX(CALCULO!$D$112:$M$112) -> 0.22313049 | T18: =IF(ISNUMBER(S18),IF(S18>1,"NO CUMPLE",IF(S18>lim_verde,"AL LÍMITE","CUMPLE")),"N/A") -> CUMPLE | U18: =IF(ISNUMBER(S18),INDEX(CALCULO!$D$81:$M$81,MATCH(MAX(CALCULO!$D$112:$M$112),CALCULO!$D$112:$M$112,0)),"—") -> 0.9D+1.0E
B19: N — largo (dirección del momento) | C19: 600 | D19: mm | N19: Desprendimiento lateral (blowout) | O19: ACI §17.6.4 | P19: =IF(AND(sf_apF=0,sf_apS=0),"—",INDEX(CALCULO!$D$116:$M$116,MATCH(MAX(CALCULO!$D$115:$M$115),CALCULO!$D$115:$M$115,0))) -> — | Q19: =IF(AND(sf_apF=0,sf_apS=0),"—",INDEX(CALCULO!$D$117:$M$117,MATCH(MAX(CALCULO!$D$115:$M$115),CALCULO!$D$115:$M$115,0))) -> — | R19: Tonf | S19: =IF(AND(sf_apF=0,sf_apS=0),"N/A",MAX(CALCULO!$D$115:$M$115)) -> N/A | T19: =IF(ISNUMBER(S19),IF(S19>1,"NO CUMPLE",IF(S19>lim_verde,"AL LÍMITE","CUMPLE")),"N/A") -> N/A | U19: =IF(ISNUMBER(S19),INDEX(CALCULO!$D$81:$M$81,MATCH(MAX(CALCULO!$D$115:$M$115),CALCULO!$D$115:$M$115,0)),"—") -> —
B20: B — ancho (perpendicular) | C20: 400 | D20: mm | N20: PERNOS DE ANCLAJE — CORTE
B21: tp — espesor | C21: 35 | D21: mm | G21: CARGAS FACTORADAS EN LA BASE (LRFD) | N21: Acero del perno (por perno) | O21: ACI §17.7.1 | P21: =INDEX(CALCULO!$D$118:$M$118,MATCH(MAX(CALCULO!$D$119:$M$119),CALCULO!$D$119:$M$119,0))/pb_nv/1000 -> 0.875 | Q21: =s_phiVsa/1000 -> 6.4257344 | R21: Tonf | S21: =MAX(CALCULO!$D$119:$M$119) -> 0.13617121 | T21: =IF(ISNUMBER(S21),IF(S21>1,"NO CUMPLE",IF(S21>lim_verde,"AL LÍMITE","CUMPLE")),"N/A") -> CUMPLE | U21: =IF(ISNUMBER(S21),INDEX(CALCULO!$D$81:$M$81,MATCH(MAX(CALCULO!$D$119:$M$119),CALCULO!$D$119:$M$119,0)),"—") -> 1.2D+1.0E+L
B22: Espesor de grout (mortero) | C22: 25 | D22: mm | G22: Combinación | H22: Pu (Tonf) | I22: Vu (Tonf) | J22: Mu (Tonf·m) | K22: Caso DG1 | L22: Ratio máx. | N22: Arrancamiento del concreto en corte | O22: ACI §17.7.2 | P22: =INDEX(CALCULO!$D$123:$M$123,MATCH(MAX(CALCULO!$D$122:$M$122),CALCULO!$D$122:$M$122,0)) -> 3.5 | Q22: =INDEX(CALCULO!$D$124:$M$124,MATCH(MAX(CALCULO!$D$122:$M$122),CALCULO!$D$122:$M$122,0)) -> 7.9681942 | R22: Tonf | S22: =MAX(CALCULO!$D$122:$M$122) -> 0.43924632 | T22: =IF(ISNUMBER(S22),IF(S22>1,"NO CUMPLE",IF(S22>lim_verde,"AL LÍMITE","CUMPLE")),"N/A") -> CUMPLE | U22: =IF(ISNUMBER(S22),INDEX(CALCULO!$D$81:$M$81,MATCH(MAX(CALCULO!$D$122:$M$122),CALCULO!$D$122:$M$122,0)),"—") -> 1.2D+1.0E+L
B23: 3. PERNOS DE ANCLAJE | G23: 1.4D | H23: 9 | I23: 0.6 | J23: 0.8 | K23: =CHOOSE(INDEX(CALCULO!$D$88:$M$88,1)+1,"—","e ≤ ecrit","M grande","Levant.") -> e ≤ ecrit | L23: =IF(INDEX(CALCULO!$D$85:$M$85,1)=1,INDEX(CALCULO!$D$132:$M$132,1),"—") -> 0.075299369 | N23: Desprendimiento por palanca (pryout) | O23: ACI §17.7.3 | P23: =INDEX(CALCULO!$D$118:$M$118,MATCH(MAX(CALCULO!$D$125:$M$125),CALCULO!$D$125:$M$125,0))/1000 -> 3.5 | Q23: =pr_phiV/1000 -> 37.901586 | R23: Tonf | S23: =MAX(CALCULO!$D$125:$M$125) -> 0.09234442 | T23: =IF(ISNUMBER(S23),IF(S23>1,"NO CUMPLE",IF(S23>lim_verde,"AL LÍMITE","CUMPLE")),"N/A") -> CUMPLE | U23: =IF(ISNUMBER(S23),INDEX(CALCULO!$D$81:$M$81,MATCH(MAX(CALCULO!$D$125:$M$125),CALCULO!$D$125:$M$125,0)),"—") -> 1.2D+1.0E+L
B24: Material | C24: F1554 Gr55 | G24: 1.2D+1.6L | H24: 12 | I24: 1.2 | J24: 2.5 | K24: =CHOOSE(INDEX(CALCULO!$D$88:$M$88,2)+1,"—","e ≤ ecrit","M grande","Levant.") -> e ≤ ecrit | L24: =IF(INDEX(CALCULO!$D$85:$M$85,2)=1,INDEX(CALCULO!$D$132:$M$132,2),"—") -> 0.19524958 | N24: Interacción tracción – corte | O24: ACI §17.8 | P24: =INDEX(CALCULO!$D$126:$M$126,MATCH(MAX(CALCULO!$D$128:$M$128),CALCULO!$D$128:$M$128,0)) -> 0.58315341 | Q24: =INDEX(CALCULO!$D$127:$M$127,MATCH(MAX(CALCULO!$D$128:$M$128),CALCULO!$D$128:$M$128,0)) -> 0.43924632 | R24: N / V | S24: =MAX(CALCULO!$D$128:$M$128) -> 0.85199978 | T24: =IF(ISNUMBER(S24),IF(S24>1,"NO CUMPLE",IF(S24>lim_verde,"AL LÍMITE","CUMPLE")),"N/A") -> CUMPLE | U24: =IF(ISNUMBER(S24),INDEX(CALCULO!$D$81:$M$81,MATCH(MAX(CALCULO!$D$128:$M$128),CALCULO!$D$128:$M$128,0)),"—") -> 0.9D+1.0E
B25: fya | C25: =INDEX(CATALOGOS!$L$5:$L$20,MATCH(pb_mat,CATALOGOS!$K$5:$K$20,0)) -> 3870 | D25: kgf/cm² | G25: 1.2D+1.0E+L | H25: 8 | I25: 3.5 | J25: 9 | K25: =CHOOSE(INDEX(CALCULO!$D$88:$M$88,3)+1,"—","e ≤ ecrit","M grande","Levant.") -> M grande | L25: =IF(INDEX(CALCULO!$D$85:$M$85,3)=1,INDEX(CALCULO!$D$132:$M$132,3),"—") -> 0.84170633 | N25: SOLDADURA COLUMNA – PLACA
B26: futa (≤ 1.9·fya ; ≤ 8790) | C26: =MIN(INDEX(CATALOGOS!$M$5:$M$20,MATCH(pb_mat,CATALOGOS!$K$5:$K$20,0)),1.9*pb_fya,8790) -> 5270 | D26: kgf/cm² | G26: 0.9D+1.0E | H26: 3 | I26: 3.5 | J26: 8.8 | K26: =CHOOSE(INDEX(CALCULO!$D$88:$M$88,4)+1,"—","e ≤ ecrit","M grande","Levant.") -> M grande | L26: =IF(INDEX(CALCULO!$D$85:$M$85,4)=1,INDEX(CALCULO!$D$132:$M$132,4),"—") -> 0.85199978 | N26: Filete en alas (tracción de ala) | O26: AISC J2.4 · Ec. J2-5 | P26: =INDEX(CALCULO!$D$129:$M$129,MATCH(MAX(CALCULO!$D$130:$M$130),CALCULO!$D$130:$M$130,0))/1000 -> 24.264629 | Q26: =w_phiRf/1000 -> 66.493859 | R26: Tonf | S26: =MAX(CALCULO!$D$130:$M$130) -> 0.36491534 | T26: =IF(ISNUMBER(S26),IF(S26>1,"NO CUMPLE",IF(S26>lim_verde,"AL LÍMITE","CUMPLE")),"N/A") -> CUMPLE | U26: =IF(ISNUMBER(S26),INDEX(CALCULO!$D$81:$M$81,MATCH(MAX(CALCULO!$D$130:$M$130),CALCULO!$D$130:$M$130,0)),"—") -> 0.9D+1.0E
B27: Diámetro | C27: 1" | G27: 0.9D+1.0W | H27: -3.5 | I27: 2 | J27: 2.5 | K27: =CHOOSE(INDEX(CALCULO!$D$88:$M$88,5)+1,"—","e ≤ ecrit","M grande","Levant.") -> M grande | L27: =IF(INDEX(CALCULO!$D$85:$M$85,5)=1,INDEX(CALCULO!$D$132:$M$132,5),"—") -> 0.42181918 | N27: Filete en alma (corte) | O27: AISC J2.4 | P27: =INDEX(CALCULO!$D$83:$M$83,MATCH(MAX(CALCULO!$D$131:$M$131),CALCULO!$D$131:$M$131,0))/1000 -> 3.5 | Q27: =w_phiRw/1000 -> 63.112815 | R27: Tonf | S27: =MAX(CALCULO!$D$131:$M$131) -> 0.055456249 | T27: =IF(ISNUMBER(S27),IF(S27>1,"NO CUMPLE",IF(S27>lim_verde,"AL LÍMITE","CUMPLE")),"N/A") -> CUMPLE | U27: =IF(ISNUMBER(S27),INDEX(CALCULO!$D$81:$M$81,MATCH(MAX(CALCULO!$D$131:$M$131),CALCULO!$D$131:$M$131,0)),"—") -> 1.2D+1.0E+L
B28: Pernos por fila (2 filas) | C28: 2 | G28: C6 | K28: =CHOOSE(INDEX(CALCULO!$D$88:$M$88,6)+1,"—","e ≤ ecrit","M grande","Levant.") -> — | L28: =IF(INDEX(CALCULO!$D$85:$M$85,6)=1,INDEX(CALCULO!$D$132:$M$132,6),"—") -> — | N28: GEOMETRÍA Y DETALLES (requerido / provisto)
B29: Total de pernos | C29: =2*pb_nfila -> 4 | G29: C7 | K29: =CHOOSE(INDEX(CALCULO!$D$88:$M$88,7)+1,"—","e ≤ ecrit","M grande","Levant.") -> — | L29: =IF(INDEX(CALCULO!$D$85:$M$85,7)=1,INDEX(CALCULO!$D$132:$M$132,7),"—") -> — | N29: Espaciamiento mínimo 4·da | O29: ACI §17.9.2 | P29: =4*a_da -> 10.16 | Q29: =IF(a_nf>1,MIN(g_sx,2*g_f),2*g_f) -> 30 | R29: cm | S29: =(4*a_da)/MAX(IF(a_nf>1,MIN(g_sx,2*g_f),2*g_f),0.001) -> 0.33866667 | T29: =IF(ISNUMBER(S29),IF(S29>1,"NO CUMPLE",IF(S29>lim_verde,"AL LÍMITE","CUMPLE")),"N/A") -> CUMPLE | U29: —
B30: Borde perno → placa (dir. N) | C30: 50 | D30: mm | G30: C8 | K30: =CHOOSE(INDEX(CALCULO!$D$88:$M$88,8)+1,"—","e ≤ ecrit","M grande","Levant.") -> — | L30: =IF(INDEX(CALCULO!$D$85:$M$85,8)=1,INDEX(CALCULO!$D$132:$M$132,8),"—") -> — | N30: Placa contenida en el pedestal | O30: Geometría | P30: =MAX(p_N,p_B) -> 60 | Q30: =IF(p_N/ped_Np>=p_B/ped_Bp,ped_Np,ped_Bp) -> 90 | R30: cm | S30: =MAX(p_N/ped_Np,p_B/ped_Bp) -> 0.66666667 | T30: =IF(ISNUMBER(S30),IF(S30>1,"NO CUMPLE",IF(S30>lim_verde,"AL LÍMITE","CUMPLE")),"N/A") -> CUMPLE | U30: —
B31: Borde perno → placa (dir. B) | C31: 50 | D31: mm | G31: C9 | K31: =CHOOSE(INDEX(CALCULO!$D$88:$M$88,9)+1,"—","e ≤ ecrit","M grande","Levant.") -> — | L31: =IF(INDEX(CALCULO!$D$85:$M$85,9)=1,INDEX(CALCULO!$D$132:$M$132,9),"—") -> — | N31: Holgura perno – cara de ala ≥ 1.5·da | O31: Práctica (tuerca/llave) | P31: =1.5*a_da -> 3.81 | Q31: =g_f-c_d/2 -> 7 | R31: cm | S31: =(1.5*a_da)/MAX(g_f-c_d/2,0.001) -> 0.54428571 | T31: =IF(ISNUMBER(S31),IF(S31>1,"NO CUMPLE",IF(S31>lim_verde,"AL LÍMITE","CUMPLE")),"N/A") -> CUMPLE | U31: —
B32: Empotramiento efectivo hef | C32: 500 | D32: mm | G32: C10 | K32: =CHOOSE(INDEX(CALCULO!$D$88:$M$88,10)+1,"—","e ≤ ecrit","M grande","Levant.") -> — | L32: =IF(INDEX(CALCULO!$D$85:$M$85,10)=1,INDEX(CALCULO!$D$132:$M$132,10),"—") -> — | N32: Borde perno – placa ≥ 1.5·da | O32: Práctica / DG1 | P32: =1.5*a_da -> 3.81 | Q32: =MIN(pb_eN_mm,pb_eB_mm)/10 -> 5 | R32: cm | S32: =(1.5*a_da)/MAX(MIN(pb_eN_mm,pb_eB_mm)/10,0.001) -> 0.762 | T32: =IF(ISNUMBER(S32),IF(S32>1,"NO CUMPLE",IF(S32>lim_verde,"AL LÍMITE","CUMPLE")),"N/A") -> CUMPLE | U32: —
B33: Arandela inferior: lado (0 = solo tuerca) | C33: 70 | D33: mm | G33: Pu (+) compresión, (−) tracción. Mu alrededor del eje fuerte (se usa |Mu|). Vu en la dirección N. Filas vacías se ignoran. | N33: Filete mínimo en alas | O33: AISC Tabla J2.4 | P33: =IF(MIN(col_tf_mm,pl_tp_mm)<=6,3,IF(MIN(col_tf_mm,pl_tp_mm)<=13,5,IF(MIN(col_tf_mm,pl_tp_mm)<=19,6,8))) -> 5 | Q33: =sold_wf -> 8 | R33: mm | S33: =(IF(MIN(col_tf_mm,pl_tp_mm)<=6,3,IF(MIN(col_tf_mm,pl_tp_mm)<=13,5,IF(MIN(col_tf_mm,pl_tp_mm)<=19,6,8))))/MAX(sold_wf,0.001) -> 0.625 | T33: =IF(ISNUMBER(S33),IF(S33>1,"NO CUMPLE",IF(S33>lim_verde,"AL LÍMITE","CUMPLE")),"N/A") -> CUMPLE | U33: —
B34: Arandela inferior: espesor | C34: 12 | D34: mm | N34: Filete mínimo en alma | O34: AISC Tabla J2.4 | P34: =IF(MIN(col_tw_mm,pl_tp_mm)<=6,3,IF(MIN(col_tw_mm,pl_tp_mm)<=13,5,IF(MIN(col_tw_mm,pl_tp_mm)<=19,6,8))) -> 3 | Q34: =sold_ww -> 6 | R34: mm | S34: =(IF(MIN(col_tw_mm,pl_tp_mm)<=6,3,IF(MIN(col_tw_mm,pl_tp_mm)<=13,5,IF(MIN(col_tw_mm,pl_tp_mm)<=19,6,8))))/MAX(sold_ww,0.001) -> 0.5 | T34: =IF(ISNUMBER(S34),IF(S34>1,"NO CUMPLE",IF(S34>lim_verde,"AL LÍMITE","CUMPLE")),"N/A") -> CUMPLE | U34: —
B35: Arandelas superiores soldadas a la placa | C35: Sí | G35: DETALLE DE UNA COMBINACIÓN (AISC DG1)
B36: Pernos efectivos a corte | C36: 4 | G36: Combinación: | H36: 1.2D+1.0E+L | J36: índice: | K36: =IFERROR(MATCH(H36,cb_nom,0),1) -> 3 | N36: ALCANCE Y SUPUESTOS
B37: 4. PEDESTAL Y CONCRETO | G37: Caso DG1 | J37: =INDEX(CALCULO!$D$88:$M$88,det_k) -> 2 | L37: =CHOOSE(J37+1,"inactiva","e ≤ ecrit","momento grande","levantamiento") -> momento grande | N37: • LRFD con cargas factoradas del análisis. Momento alrededor del eje fuerte; corte en la dirección N.
B38: f'c | C38: 210 | D38: kgf/cm² | G38: Excentricidad e = Mu/Pu | J38: =INDEX(CALCULO!$D$86:$M$86,det_k) -> 112.5 | K38: cm | N38: • Placa rígida, pedestal concéntrico; A2 geométricamente similar a A1 (AISC J8).
B39: Pedestal Np (dirección N) | C39: 90 | D39: cm | G39: Excentricidad crítica ecrit | J39: =INDEX(CALCULO!$D$87:$M$87,det_k) -> 29.425411 | K39: cm | N39: • Placa: voladizos m, n y λn' de DG1; momento grande por Y (ecuación cuadrática) y Tu de DG1.
B40: Pedestal Bp (dirección B) | C40: 80 | D40: cm | G40: Longitud de apoyo Y | J40: =INDEX(CALCULO!$D$90:$M$90,det_k) -> 2.9521744 | K40: cm | N40: • Pernos colados en sitio con tuerca hex. pesada; φ Condición B (sin refuerzo suplementario).
B41: Concreto fisurado | C41: Sí | G41: Presión de apoyo fp | J41: =INDEX(CALCULO!$D$91:$M$91,det_k) -> 174.0375 | K41: kgf/cm² | N41: • Arrancamiento con h'ef de ACI §17.6.2.1.2 cuando hay ≥ 3 bordes a menos de 1.5hef (pedestales).
B42: Refuerzo de borde ≥ Ø12 (ψc,V = 1.2) | C42: Sí | G42: Tracción fila de pernos Tu | J42: =INDEX(CALCULO!$D$95:$M$95,det_k)/1000 -> 12.551562 | K42: Tonf | N42: • Hairpins: deben desarrollarse (ACI 25.4) a ambos lados del plano de falla — verificar el detalle.
B43: Hairpins (refuerzo de anclaje a tracción) | C43: Sí | G43: Tracción por perno Nua (·Ω0) | J43: =INDEX(CALCULO!$D$103:$M$103,det_k)/1000 -> 6.2757809 | K43: Tonf | N43: • No incluye: llave de corte, rigidizadores, fricción, flexión biaxial, pedestal a flexo-compresión.
B44: Hairpin: ramas efectivas | C44: 4 | G44: Voladizo crítico l | J44: =INDEX(CALCULO!$D$97:$M$97,det_k) -> 12.9 | K44: cm | N44: • Herramienta de apoyo: la responsabilidad del diseño es del ingeniero que la usa.
B45: Hairpin: diámetro | C45: 16 | D45: mm | G45: Espesor de placa requerido | J45: =INDEX(CALCULO!$D$102:$M$102,det_k) -> 32.110594 | K45: mm
B46: fy del refuerzo | C46: 4200 | D46: kgf/cm² | G46: Ratio máximo de la combinación | J46: =INDEX(CALCULO!$D$132:$M$132,det_k) -> 0.84170633
B47: 5. SOLDADURA COLUMNA – PLACA | G47: tp provisto: | J47: =pl_tp_mm -> 35 | K47: mm
B48: Electrodo | C48: E70XX
B49: Filete en alas (w) | C49: 8 | D49: mm
B50: Filete en alma (w) | C50: 6 | D50: mm
B51: 6. SISMO — ACI 318-19 §17.10
B52: Diseño sísmico (SDC C a F) | C52: Sí
B53: Ω0 sobre cargas de anclajes | C53: 1

Sheet CALCULO
A1: HOJA DE CÁLCULO — memoria detallada (no editar; todo se alimenta de la hoja DISEÑO)
A2: Unidades internas: kgf, cm. φ según ACI 318-19 Tabla 17.5.3 (Condición B, pernos colados en sitio) y AISC 360-16.
A4: 1. GEOMETRÍA Y MATERIALES
A5: d | B5: Peralte de columna | C5: cm | D5: =col_d_mm/10 -> 36
A6: bf | B6: Ancho de ala | C6: cm | D6: =col_bf_mm/10 -> 18
A7: tw | B7: Espesor de alma | C7: cm | D7: =col_tw_mm/10 -> 0.6
A8: tf | B8: Espesor de ala | C8: cm | D8: =col_tf_mm/10 -> 1.2
A9: A | B9: Área del perfil ≈ 2·bf·tf + (d−2tf)·tw | C9: cm² | D9: =2*c_bf*c_tf+(c_d-2*c_tf)*c_tw -> 63.36
A10: N | B10: Largo de placa (dir. del momento) | C10: cm | D10: =pl_N_mm/10 -> 60
A11: B | B11: Ancho de placa | C11: cm | D11: =pl_B_mm/10 -> 40
A12: tp | B12: Espesor de placa | C12: cm | D12: =pl_tp_mm/10 -> 3.5
A13: g | B13: Espesor de grout | C13: cm | D13: =grout_mm/10 -> 2.5
A14: da | B14: Diámetro del perno | C14: in | D14: =INDEX(CATALOGOS!$P$5:$P$20,MATCH(pb_diam,CATALOGOS!$O$5:$O$20,0)) -> 1
A15: nt | B15: Hilos por pulgada (UNC) | C15: 1/in | D15: =INDEX(CATALOGOS!$Q$5:$Q$20,MATCH(pb_diam,CATALOGOS!$O$5:$O$20,0)) -> 8
A16: da | B16: Diámetro del perno | C16: cm | D16: =a_din*2.54 -> 2.54
A17: Ase,N | B17: Área efectiva a tracción = 0.7854·(da−0.9743/nt)² | C17: cm² | D17: =0.7854*(a_din-0.9743/a_tpi)^2*6.4516 -> 3.908027
A18: b,ar | B18: Lado efectivo de arandela = mín(lado ; F + 2·t), F = 1.5da + 1/8 (tuerca) | C18: in | D18: =MIN(ar_lado,(1.5*a_din+0.125)*25.4+2*ar_t)/25.4 -> 2.5698819
A19: Abrg | B19: Tuerca hex. pesada 0.866·F² − π·da²/4 ; con arandela b² − π·da²/4 | C19: cm² | D19: =(IF(a_bef>1.5*a_din+0.125,a_bef^2,0.866*(1.5*a_din+0.125)^2)-PI()*a_din^2/4)*6.4516 -> 37.541181
A20: nf | B20: Pernos por fila | C20: - | D20: =pb_nfila -> 2
A21: n | B21: Pernos totales | C21: - | D21: =pb_ntot -> 4
A22: f | B22: Distancia centro de placa → fila de pernos (DG1) | C22: cm | D22: =p_N/2-pb_eN_mm/10 -> 25
A23: xb | B23: Distancia eje de placa → perno extremo (dir. B) | C23: cm | D23: =p_B/2-pb_eB_mm/10 -> 15
A24: s | B24: Espaciamiento entre pernos de una fila | C24: cm | D24: =2*g_xb/(a_nf-1) -> 30
A25: hef | B25: Empotramiento efectivo | C25: cm | D25: =pb_hef_mm/10 -> 50
A26: ca,F | B26: Fila en tracción → cara frontal del pedestal | C26: cm | D26: =ped_Np/2-g_f -> 20
A27: ca,S | B27: Perno extremo → cara lateral del pedestal | C27: cm | D27: =ped_Bp/2-g_xb -> 25
A28: ca,P | B28: Fila en tracción → cara posterior del pedestal | C28: cm | D28: =ped_Np/2+g_f -> 70
A29: k sis | B29: Factor sísmico concreto en tracción (ACI §17.10.5.4) | C29: - | D29: =IF(sismo="Sí",0.75,1) -> 0.75
A30: 2. APLASTAMIENTO — AISC 360-16 J8 / DG1
A31: √(A2/A1) | B31: A2 geométricamente similar y concéntrica, 1 ≤ √(A2/A1) ≤ 2 | C31: - | D31: =MIN(2,MAX(1,MIN(ped_Bp/p_B,ped_Np/p_N))) -> 1.5
A32: fpu,max | B32: φc·0.85·f'c·√(A2/A1), φc = 0.65 | C32: kgf/cm² | D32: =0.65*0.85*fc*b_raiz -> 174.0375
A33: qmax | B33: fpu,max·B | C33: kgf/cm | D33: =b_fpu*p_B -> 6961.5
A34: m | B34: (N − 0.95·d)/2 | C34: cm | D34: =(p_N-0.95*c_d)/2 -> 12.9
A35: n | B35: (B − 0.80·bf)/2 | C35: cm | D35: =(p_B-0.8*c_bf)/2 -> 12.8
A36: n' | B36: √(d·bf)/4 | C36: cm | D36: =SQRT(c_d*c_bf)/4 -> 6.363961
A37: x | B37: Brazo lado tracción: f − d/2 + tf/2 (DG1) | C37: cm | D37: =g_f-c_d/2+c_tf/2 -> 7.6
A38: φMn | B38: 0.90·Fy·tp²/4 (por unidad de ancho) | C38: kgf·cm/cm | D38: =0.9*pl_Fy*p_tp^2/4 -> 6973.3125
A39: 3. PERNOS — RESISTENCIAS (ACI 318-19 Cap. 17)
A40: φNsa | B40: Acero a tracción por perno: 0.75·Ase·futa (§17.6.1) | C40: kgf | D40: =0.75*a_Ase*pb_futa -> 15446.477
A41: φVsa | B41: Acero a corte por perno: 0.65·0.6·Ase·futa·(0.8 si grout) (§17.7.1) | C41: kgf | D41: =0.65*0.6*a_Ase*pb_futa*IF(p_g>0,0.8,1) -> 6425.7344
A42: ψc,N | B42: Fisuración (§17.6.2.5): 1.0 fisurado; 1.25 no fisurado | C42: - | D42: =IF(fisurado="Sí",1,1.25) -> 1
A43: # bordes | B43: Fila en tracción: bordes a < 1.5hef | C43: - | D43: =(g_caF<1.5*g_hef)+2*(g_caS<1.5*g_hef)+(g_caB<1.5*g_hef) -> 4
A44: ca,max | B44: Mayor distancia a borde entre las que son < 1.5hef | C44: cm | D44: =MAX(IF(g_caF<1.5*g_hef,g_caF,0),IF(g_caS<1.5*g_hef,g_caS,0),IF(g_caB<1.5*g_hef,g_caB,0)) -> 70
A45: h'ef | B45: hef de cálculo (§17.6.2.1.2: si ≥ 3 bordes → máx(ca,max/1.5 ; s/3) ≤ hef) | C45: cm | D45: =IF(t_ned>=3,MIN(g_hef,MAX(t_camax/1.5,2*g_xb/3)),g_hef) -> 46.666667
A46: ANco | B46: 9·h'ef² | C46: cm² | D46: =9*t_h^2 -> 19600
A47: ANc | B47: Área proyectada de la fila (limitada por bordes) ≤ nf·ANco | C47: cm² | D47: =MIN((2*g_xb+2*MIN(1.5*t_h,g_caS))*(MIN(1.5*t_h,g_caF)+MIN(1.5*t_h,g_caB)),a_nf*t_ANco) -> 7200
A48: ψed,N | B48: 0.7 + 0.3·ca,min/(1.5h'ef) ≤ 1 (§17.6.2.4) | C48: - | D48: =MIN(1,0.7+0.3*MIN(g_caF,g_caS)/(1.5*t_h)) -> 0.78571429
A49: Nb | B49: 24·√f'c·h'ef^1.5 [psi, in → kgf] (kc = 24, colado en sitio) | C49: kgf | D49: =24*SQRT(fc*14.2233)*(t_h/2.54)^1.5*0.453592 -> 46853.934
A50: φNcbg | B50: 0.70·ksis·(ANc/ANco)·ψed·ψc·Nb — fila en tracción | C50: kgf | D50: =0.7*k_sis*t_ANc/t_ANco*t_psied*psi_cN*t_Nb -> 7099.8052
A51: # bordes | B51: Grupo completo: bordes a < 1.5hef | C51: - | D51: =2*(g_caF<1.5*g_hef)+2*(g_caS<1.5*g_hef) -> 4
A52: ca,max | B52: Mayor distancia a borde (< 1.5hef), grupo completo | C52: cm | D52: =MAX(IF(g_caF<1.5*g_hef,g_caF,0),IF(g_caS<1.5*g_hef,g_caS,0)) -> 25
A53: h'ef | B53: hef de cálculo, grupo completo (§17.6.2.1.2) | C53: cm | D53: =IF(g_ned>=3,MIN(g_hef,MAX(g_camax/1.5,MAX(2*g_xb,2*g_f)/3)),g_hef) -> 16.666667
A54: ANco | B54: 9·h'ef² | C54: cm² | D54: =9*g_h^2 -> 2500
A55: ANc | B55: Área proyectada del grupo completo ≤ n·ANco | C55: cm² | D55: =MIN((2*g_xb+2*MIN(1.5*g_h,g_caS))*(2*g_f+2*MIN(1.5*g_h,g_caF)),a_n*g_ANco) -> 7200
A56: ψed,N | B56: 0.7 + 0.3·ca,min/(1.5h'ef) ≤ 1 | C56: - | D56: =MIN(1,0.7+0.3*MIN(g_caF,g_caS)/(1.5*g_h)) -> 0.94
A57: Ncbg0 | B57: (ANc/ANco)·ψed·ψc·Nb — grupo completo, sin ψec | C57: kgf | D57: =g_ANc/g_ANco*g_psied*psi_cN*24*SQRT(fc*14.2233)*(g_h/2.54)^1.5*0.453592 -> 27072.562
A58: φNpn | B58: Extracción por perno: 0.70·ksis·ψc,P·8·Abrg·f'c (§17.6.3), ψc,P = 1.0 fis./1.4 | C58: kgf | D58: =0.7*k_sis*IF(fisurado="Sí",1,1.4)*8*a_Abrg*fc -> 33111.322
A59: aplica F | B59: Desprendimiento lateral hacia cara frontal: hef > 2.5·ca,F | C59: - | D59: =IF(g_hef>2.5*g_caF,1,0) -> 0
A60: φNsbg,F | B60: 0.70·ksis·Nsbg; Nsb = 160·ca1·√Abrg·√f'c; grupo (1+s/6ca1) si s < 6ca1 (§17.6.4) | C60: kgf | D60: =0.7*k_sis*IF(AND(a_nf>1,2*g_xb<6*g_caF),(1+2*g_xb/(6*g_caF))*160*(g_caF/2.54)*SQRT(a_Abrg/6.4516)*SQRT(fc*14.2233),a_nf*160*(g_caF/2.54)*SQRT(a_Abrg/6.4516)*SQRT(fc*14.2233)*IF(g_caS<3*g_caF,(1+MIN(3,MAX(1,g_caS/g_caF)))/4,1))*0.453592 -> 49440.294
A61: aplica S | B61: Desprendimiento lateral hacia cara lateral: hef > 2.5·ca,S | C61: - | D61: =IF(g_hef>2.5*g_caS,1,0) -> 0
A62: φNsb,S | B62: Perno esquinero hacia cara lateral (ca1 = ca,S ; ca2 = ca,F) | C62: kgf | D62: =0.7*k_sis*160*(g_caS/2.54)*SQRT(a_Abrg/6.4516)*SQRT(fc*14.2233)*IF(g_caF<3*g_caS,(1+MIN(3,MAX(1,g_caF/g_caS)))/4,1)*0.453592 -> 24720.147
A63: As,hp | B63: Área de refuerzo de anclaje = ramas·As | C63: cm² | D63: =hp_n*INDEX(CATALOGOS!$AE$5:$AE$13,MATCH(hp_db,CATALOGOS!$AD$5:$AD$13,0)) -> 8.044
A64: φNn,hp | B64: Refuerzo de anclaje: 0.75·As·fy (§17.5.2.1) | C64: kgf | D64: =0.75*hp_As*hp_fy -> 25338.6
A65: ψc,V | B65: Corte (§17.7.2.5): no fis. 1.4; fis. c/refuerzo borde 1.2; fis. 1.0 | C65: - | D65: =IF(fisurado="No",1.4,IF(ref_borde="Sí",1.2,1)) -> 1.2
A66: le | B66: min(hef ; 8·da) | C66: cm | D66: =MIN(g_hef,8*a_da) -> 20.32
A67: Vb | B67: Fila frontal (ca1 = ca,F): min(7(le/da)^0.2·√da·√f'c·ca1^1.5 ; 9√f'c·ca1^1.5) | C67: kgf | D67: =MIN(7*(v_le/a_da)^0.2*SQRT(a_din),9)*SQRT(fc*14.2233)*(g_caF/2.54)^1.5*0.453592 -> 4929.6053
A68: Avc/Avco | B68: Fila frontal (ca1 = ca,F): Avc/(4.5·ca1²), Avc = (2xb + 2·min(1.5ca1; ca,S))·1.5ca1 | C68: - | D68: =MIN(a_nf,(2*g_xb+2*MIN(1.5*g_caF,g_caS))*1.5*g_caF/(4.5*g_caF^2)) -> 1.3333333
A69: φVcbg | B69: Fila frontal (ca1 = ca,F): 0.70·(Avc/Avco)·ψed,V·ψc,V·Vb (ψh = 1, pedestal profundo) | C69: kgf | D69: =0.7*vA_Avc*MIN(1,0.7+0.3*g_caS/(1.5*g_caF))*psi_cV*vA_Vb -> 5245.1
A70: Vb | B70: Fila posterior (ca1 = ca,P): min(7(le/da)^0.2·√da·√f'c·ca1^1.5 ; 9√f'c·ca1^1.5) | C70: kgf | D70: =MIN(7*(v_le/a_da)^0.2*SQRT(a_din),9)*SQRT(fc*14.2233)*(g_caB/2.54)^1.5*0.453592 -> 32278.565
A71: Avc/Avco | B71: Fila posterior (ca1 = ca,P): Avc/(4.5·ca1²), Avc = (2xb + 2·min(1.5ca1; ca,S))·1.5ca1 | C71: - | D71: =MIN(a_nf,(2*g_xb+2*MIN(1.5*g_caB,g_caS))*1.5*g_caB/(4.5*g_caB^2)) -> 0.38095238
A72: φVcbg | B72: Fila posterior (ca1 = ca,P): 0.70·(Avc/Avco)·ψed,V·ψc,V·Vb (ψh = 1, pedestal profundo) | C72: kgf | D72: =0.7*vB_Avc*MIN(1,0.7+0.3*g_caS/(1.5*g_caB))*psi_cV*vB_Vb -> 7968.1942
A73: φVcpg | B73: Pryout: 0.70·kcp·Ncbg0, kcp = 2 (hef ≥ 6.35 cm) (§17.7.3) | C73: kgf | D73: =0.7*IF(g_hef>=6.35,2,1)*g_Ncb0 -> 37901.586
A74: 4. SOLDADURA — AISC 360-16 J2.4
A75: FEXX | B75: Resistencia del electrodo | C75: kgf/cm² | D75: =INDEX(CATALOGOS!$X$5:$X$6,MATCH(sold_elec,CATALOGOS!$W$5:$W$6,0)) -> 4920
A76: φRn,ala | B76: 0.75·0.6·FEXX·0.707·w·(2bf − tw)·1.5 (θ = 90°, Ec. J2-5) | C76: kgf | D76: =0.75*0.6*w_FEXX*0.707*sold_wf/10*(2*c_bf-c_tw)*1.5 -> 66493.859
A77: φRn,alma | B77: 0.75·0.6·FEXX·0.707·w·2(d − 2tf) (θ = 0°) | C77: kgf | D77: =0.75*0.6*w_FEXX*0.707*sold_ww/10*2*(c_d-2*c_tf) -> 63112.815
A79: 5. VERIFICACIÓN POR COMBINACIÓN DE CARGA
A80: Símbolo | B80: Descripción | C80: Unidad / ref. | D80: 1 | E80: 2 | F80: 3 | G80: 4 | H80: 5 | I80: 6 | J80: 7 | K80: 8 | L80: 9 | M80: 10
A81: Combo | B81: Nombre | D81: =IF(INDEX(cb_nom,1)="","",INDEX(cb_nom,1)) -> 1.4D | E81: =IF(INDEX(cb_nom,2)="","",INDEX(cb_nom,2)) -> 1.2D+1.6L | F81: =IF(INDEX(cb_nom,3)="","",INDEX(cb_nom,3)) -> 1.2D+1.0E+L | G81: =IF(INDEX(cb_nom,4)="","",INDEX(cb_nom,4)) -> 0.9D+1.0E | H81: =IF(INDEX(cb_nom,5)="","",INDEX(cb_nom,5)) -> 0.9D+1.0W | I81: =IF(INDEX(cb_nom,6)="","",INDEX(cb_nom,6)) -> C6 | J81: =IF(INDEX(cb_nom,7)="","",INDEX(cb_nom,7)) -> C7 | K81: =IF(INDEX(cb_nom,8)="","",INDEX(cb_nom,8)) -> C8 | L81: =IF(INDEX(cb_nom,9)="","",INDEX(cb_nom,9)) -> C9 | M81: =IF(INDEX(cb_nom,10)="","",INDEX(cb_nom,10)) -> C10
A82: Pu | B82: Axial (+ compresión) | C82: kgf | D82: =N(INDEX(cb_P,1))*1000 -> 9000 | E82: =N(INDEX(cb_P,2))*1000 -> 12000 | F82: =N(INDEX(cb_P,3))*1000 -> 8000 | G82: =N(INDEX(cb_P,4))*1000 -> 3000 | H82: =N(INDEX(cb_P,5))*1000 -> -3500 | I82: =N(INDEX(cb_P,6))*1000 -> 0 | J82: =N(INDEX(cb_P,7))*1000 -> 0 | K82: =N(INDEX(cb_P,8))*1000 -> 0 | L82: =N(INDEX(cb_P,9))*1000 -> 0 | M82: =N(INDEX(cb_P,10))*1000 -> 0
A83: Vu | B83: Cortante | C83: kgf | D83: =ABS(N(INDEX(cb_V,1)))*1000 -> 600 | E83: =ABS(N(INDEX(cb_V,2)))*1000 -> 1200 | F83: =ABS(N(INDEX(cb_V,3)))*1000 -> 3500 | G83: =ABS(N(INDEX(cb_V,4)))*1000 -> 3500 | H83: =ABS(N(INDEX(cb_V,5)))*1000 -> 2000 | I83: =ABS(N(INDEX(cb_V,6)))*1000 -> 0 | J83: =ABS(N(INDEX(cb_V,7)))*1000 -> 0 | K83: =ABS(N(INDEX(cb_V,8)))*1000 -> 0 | L83: =ABS(N(INDEX(cb_V,9)))*1000 -> 0 | M83: =ABS(N(INDEX(cb_V,10)))*1000 -> 0
A84: Mu | B84: |Momento| | C84: kgf·cm | D84: =ABS(N(INDEX(cb_M,1)))*100000 -> 80000 | E84: =ABS(N(INDEX(cb_M,2)))*100000 -> 250000 | F84: =ABS(N(INDEX(cb_M,3)))*100000 -> 900000 | G84: =ABS(N(INDEX(cb_M,4)))*100000 -> 880000 | H84: =ABS(N(INDEX(cb_M,5)))*100000 -> 250000 | I84: =ABS(N(INDEX(cb_M,6)))*100000 -> 0 | J84: =ABS(N(INDEX(cb_M,7)))*100000 -> 0 | K84: =ABS(N(INDEX(cb_M,8)))*100000 -> 0 | L84: =ABS(N(INDEX(cb_M,9)))*100000 -> 0 | M84: =ABS(N(INDEX(cb_M,10)))*100000 -> 0
A85: activo | B85: Combinación con cargas | C85: - | D85: =IF(ABS(D82)+D83+D84>0,1,0) -> 1 | E85: =IF(ABS(E82)+E83+E84>0,1,0) -> 1 | F85: =IF(ABS(F82)+F83+F84>0,1,0) -> 1 | G85: =IF(ABS(G82)+G83+G84>0,1,0) -> 1 | H85: =IF(ABS(H82)+H83+H84>0,1,0) -> 1 | I85: =IF(ABS(I82)+I83+I84>0,1,0) -> 0 | J85: =IF(ABS(J82)+J83+J84>0,1,0) -> 0 | K85: =IF(ABS(K82)+K83+K84>0,1,0) -> 0 | ... M85: =IF(ABS(M82)+M83+M84>0,1,0) -> 0
A86: e | B86: Mu/Pu (si Pu > 0) | C86: cm | D86: =IF(D82>0,D84/D82,0) -> 8.8888889 | E86: =IF(E82>0,E84/E82,0) -> 20.833333 | F86: =IF(F82>0,F84/F82,0) -> 112.5 | G86: =IF(G82>0,G84/G82,0) -> 293.33333 | H86: =IF(H82>0,H84/H82,0) -> 0 | I86: =IF(I82>0,I84/I82,0) -> 0 | J86: =IF(J82>0,J84/J82,0) -> 0 | K86: =IF(K82>0,K84/K82,0) -> 0 | ... M86: =IF(M82>0,M84/M82,0) -> 0
A87: ecrit | B87: N/2 − Pu/(2·qmax) | C87: cm | D87: =p_N/2-D82/(2*b_qmax) -> 29.353588 | E87: =p_N/2-E82/(2*b_qmax) -> 29.138117 | F87: =p_N/2-F82/(2*b_qmax) -> 29.425411 | G87: =p_N/2-G82/(2*b_qmax) -> 29.784529 | H87: =p_N/2-H82/(2*b_qmax) -> 30.251383 | I87: =p_N/2-I82/(2*b_qmax) -> 30 | J87: =p_N/2-J82/(2*b_qmax) -> 30 | K87: =p_N/2-K82/(2*b_qmax) -> 30 | ... M87: =p_N/2-M82/(2*b_qmax) -> 30
A88: caso | B88: 1: e ≤ ecrit | 2: momento grande | 3: levantamiento total | 0: inactiva | C88: DG1 | D88: =IF(D85=0,0,IF(D82>0,IF(D86<=D87,1,2),IF(D84+D82*g_f>0,2,3))) -> 1 | E88: =IF(E85=0,0,IF(E82>0,IF(E86<=E87,1,2),IF(E84+E82*g_f>0,2,3))) -> 1 | F88: =IF(F85=0,0,IF(F82>0,IF(F86<=F87,1,2),IF(F84+F82*g_f>0,2,3))) -> 2 | G88: =IF(G85=0,0,IF(G82>0,IF(G86<=G87,1,2),IF(G84+G82*g_f>0,2,3))) -> 2 | H88: =IF(H85=0,0,IF(H82>0,IF(H86<=H87,1,2),IF(H84+H82*g_f>0,2,3))) -> 2 | I88: =IF(I85=0,0,IF(I82>0,IF(I86<=I87,1,2),IF(I84+I82*g_f>0,2,3))) -> 0 | J88: =IF(J85=0,0,IF(J82>0,IF(J86<=J87,1,2),IF(J84+J82*g_f>0,2,3))) -> 0 | K88: =IF(K85=0,0,IF(K82>0,IF(K86<=K87,1,2),IF(K84+K82*g_f>0,2,3))) -> 0 | ... M88: =IF(M85=0,0,IF(M82>0,IF(M86<=M87,1,2),IF(M84+M82*g_f>0,2,3))) -> 0
A89: K | B89: (f+N/2)² − 2(Mu + Pu·f)/qmax | C89: cm² | D89: =(g_f+p_N/2)^2-2*(D84+D82*g_f)/b_qmax -> 2937.3752 | E89: =(g_f+p_N/2)^2-2*(E84+E82*g_f)/b_qmax -> 2866.9881 | F89: =(g_f+p_N/2)^2-2*(F84+F82*g_f)/b_qmax -> 2708.9762 | G89: =(g_f+p_N/2)^2-2*(G84+G82*g_f)/b_qmax -> 2750.6338 | H89: =(g_f+p_N/2)^2-2*(H84+H82*g_f)/b_qmax -> 2978.3147 | I89: =(g_f+p_N/2)^2-2*(I84+I82*g_f)/b_qmax -> 3025 | J89: =(g_f+p_N/2)^2-2*(J84+J82*g_f)/b_qmax -> 3025 | K89: =(g_f+p_N/2)^2-2*(K84+K82*g_f)/b_qmax -> 3025 | ... M89: =(g_f+p_N/2)^2-2*(M84+M82*g_f)/b_qmax -> 3025
A90: Y | B90: Longitud de apoyo | C90: cm | D90: =IF(D88=1,p_N-2*D86,IF(D88=2,g_f+p_N/2-SQRT(MAX(D89,0)),0)) -> 42.222222 | E90: =IF(E88=1,p_N-2*E86,IF(E88=2,g_f+p_N/2-SQRT(MAX(E89,0)),0)) -> 18.333333 | F90: =IF(F88=1,p_N-2*F86,IF(F88=2,g_f+p_N/2-SQRT(MAX(F89,0)),0)) -> 2.9521744 | G90: =IF(G88=1,p_N-2*G86,IF(G88=2,g_f+p_N/2-SQRT(MAX(G89,0)),0)) -> 2.5535145 | H90: =IF(H88=1,p_N-2*H86,IF(H88=2,g_f+p_N/2-SQRT(MAX(H89,0)),0)) -> 0.42606245 | I90: =IF(I88=1,p_N-2*I86,IF(I88=2,g_f+p_N/2-SQRT(MAX(I89,0)),0)) -> 0 | J90: =IF(J88=1,p_N-2*J86,IF(J88=2,g_f+p_N/2-SQRT(MAX(J89,0)),0)) -> 0 | K90: =IF(K88=1,p_N-2*K86,IF(K88=2,g_f+p_N/2-SQRT(MAX(K89,0)),0)) -> 0 | ... M90: =IF(M88=1,p_N-2*M86,IF(M88=2,g_f+p_N/2-SQRT(MAX(M89,0)),0)) -> 0
A91: fp | B91: Presión de apoyo | C91: kgf/cm² | D91: =IF(D88=1,D82/(D90*p_B),IF(D88=2,b_fpu,0)) -> 5.3289474 | E91: =IF(E88=1,E82/(E90*p_B),IF(E88=2,b_fpu,0)) -> 16.363636 | F91: =IF(F88=1,F82/(F90*p_B),IF(F88=2,b_fpu,0)) -> 174.0375 | G91: =IF(G88=1,G82/(G90*p_B),IF(G88=2,b_fpu,0)) -> 174.0375 | H91: =IF(H88=1,H82/(H90*p_B),IF(H88=2,b_fpu,0)) -> 174.0375 | I91: =IF(I88=1,I82/(I90*p_B),IF(I88=2,b_fpu,0)) -> 0 | J91: =IF(J88=1,J82/(J90*p_B),IF(J88=2,b_fpu,0)) -> 0 | K91: =IF(K88=1,K82/(K90*p_B),IF(K88=2,b_fpu,0)) -> 0 | ... M91: =IF(M88=1,M82/(M90*p_B),IF(M88=2,b_fpu,0)) -> 0
A92: ratio | B92: Aplastamiento: caso 1 fp/fpu,max; caso 2 2(Mu+Pu·f)/[qmax(f+N/2)²] | C92: - | D92: =IF(D88=1,D91/b_fpu,IF(D88=2,2*(D84+D82*g_f)/(b_qmax*(g_f+p_N/2)^2),0)) -> 0.030619535 | E92: =IF(E88=1,E91/b_fpu,IF(E88=2,2*(E84+E82*g_f)/(b_qmax*(g_f+p_N/2)^2),0)) -> 0.094023623 | F92: =IF(F88=1,F91/b_fpu,IF(F88=2,2*(F84+F82*g_f)/(b_qmax*(g_f+p_N/2)^2),0)) -> 0.10447069 | G92: =IF(G88=1,G91/b_fpu,IF(G88=2,2*(G84+G82*g_f)/(b_qmax*(g_f+p_N/2)^2),0)) -> 0.090699556 | H92: =IF(H88=1,H91/b_fpu,IF(H88=2,2*(H84+H82*g_f)/(b_qmax*(g_f+p_N/2)^2),0)) -> 0.015433171 | I92: =IF(I88=1,I91/b_fpu,IF(I88=2,2*(I84+I82*g_f)/(b_qmax*(g_f+p_N/2)^2),0)) -> 0 | J92: =IF(J88=1,J91/b_fpu,IF(J88=2,2*(J84+J82*g_f)/(b_qmax*(g_f+p_N/2)^2),0)) -> 0 | K92: =IF(K88=1,K91/b_fpu,IF(K88=2,2*(K84+K82*g_f)/(b_qmax*(g_f+p_N/2)^2),0)) -> 0 | ... M92: =IF(M88=1,M91/b_fpu,IF(M88=2,2*(M84+M82*g_f)/(b_qmax*(g_f+p_N/2)^2),0)) -> 0
A93: Dem. | B93: Aplastamiento — demanda (caso 1: kgf/cm²; caso 2: Tonf·m) | D93: =IF(D88=1,D91,IF(D88=2,(D84+D82*g_f)/100000,0)) -> 5.3289474 | E93: =IF(E88=1,E91,IF(E88=2,(E84+E82*g_f)/100000,0)) -> 16.363636 | F93: =IF(F88=1,F91,IF(F88=2,(F84+F82*g_f)/100000,0)) -> 11 | G93: =IF(G88=1,G91,IF(G88=2,(G84+G82*g_f)/100000,0)) -> 9.55 | H93: =IF(H88=1,H91,IF(H88=2,(H84+H82*g_f)/100000,0)) -> 1.625 | I93: =IF(I88=1,I91,IF(I88=2,(I84+I82*g_f)/100000,0)) -> 0 | J93: =IF(J88=1,J91,IF(J88=2,(J84+J82*g_f)/100000,0)) -> 0 | K93: =IF(K88=1,K91,IF(K88=2,(K84+K82*g_f)/100000,0)) -> 0 | ... M93: =IF(M88=1,M91,IF(M88=2,(M84+M82*g_f)/100000,0)) -> 0
A94: Cap. | B94: Aplastamiento — capacidad (caso 1: fpu,max; caso 2: qmax(f+N/2)²/2) | D94: =IF(D88=2,b_qmax*(g_f+p_N/2)^2/2/100000,b_fpu) -> 174.0375 | E94: =IF(E88=2,b_qmax*(g_f+p_N/2)^2/2/100000,b_fpu) -> 174.0375 | F94: =IF(F88=2,b_qmax*(g_f+p_N/2)^2/2/100000,b_fpu) -> 105.29269 | G94: =IF(G88=2,b_qmax*(g_f+p_N/2)^2/2/100000,b_fpu) -> 105.29269 | H94: =IF(H88=2,b_qmax*(g_f+p_N/2)^2/2/100000,b_fpu) -> 105.29269 | I94: =IF(I88=2,b_qmax*(g_f+p_N/2)^2/2/100000,b_fpu) -> 174.0375 | J94: =IF(J88=2,b_qmax*(g_f+p_N/2)^2/2/100000,b_fpu) -> 174.0375 | K94: =IF(K88=2,b_qmax*(g_f+p_N/2)^2/2/100000,b_fpu) -> 174.0375 | ... M94: =IF(M88=2,b_qmax*(g_f+p_N/2)^2/2/100000,b_fpu) -> 174.0375
A95: Tu | B95: Tracción en la fila de pernos (caso 3: |Pu|/2 + Mu/2f) | C95: kgf | D95: =IF(D88=2,MAX(0,b_qmax*D90-D82),IF(D88=3,-D82/2+D84/(2*g_f),0)) -> 0 | E95: =IF(E88=2,MAX(0,b_qmax*E90-E82),IF(E88=3,-E82/2+E84/(2*g_f),0)) -> 0 | F95: =IF(F88=2,MAX(0,b_qmax*F90-F82),IF(F88=3,-F82/2+F84/(2*g_f),0)) -> 12551.562 | G95: =IF(G88=2,MAX(0,b_qmax*G90-G82),IF(G88=3,-G82/2+G84/(2*g_f),0)) -> 14776.291 | H95: =IF(H88=2,MAX(0,b_qmax*H90-H82),IF(H88=3,-H82/2+H84/(2*g_f),0)) -> 6466.0338 | I95: =IF(I88=2,MAX(0,b_qmax*I90-I82),IF(I88=3,-I82/2+I84/(2*g_f),0)) -> 0 | J95: =IF(J88=2,MAX(0,b_qmax*J90-J82),IF(J88=3,-J82/2+J84/(2*g_f),0)) -> 0 | K95: =IF(K88=2,MAX(0,b_qmax*K90-K82),IF(K88=3,-K82/2+K84/(2*g_f),0)) -> 0 | ... M95: =IF(M88=2,MAX(0,b_qmax*M90-M82),IF(M88=3,-M82/2+M84/(2*g_f),0)) -> 0
A96: λ | B96: DG1: solo carga axial (Mu = 0): 2√X/(1+√(1−X)) ≤ 1 | C96: - | D96: =IF(AND(D88=1,D84=0),MIN(1,IF(4*c_d*c_bf/(c_d+c_bf)^2*D82/(b_fpu*p_N*p_B)>=1,1,2*SQRT(4*c_d*c_bf/(c_d+c_bf)^2*D82/(b_fpu*p_N*p_B))/(1+SQRT(1-4*c_d*c_bf/(c_d+c_bf)^2*D82/(b_fpu*p_N*p_B))))),0) -> 0 | E96: =IF(AND(E88=1,E84=0),MIN(1,IF(4*c_d*c_bf/(c_d+c_bf)^2*E82/(b_fpu*p_N*p_B)>=1,1,2*SQRT(4*c_d*c_bf/(c_d+c_bf)^2*E82/(b_fpu*p_N*p_B))/(1+SQRT(1-4*c_d*c_bf/(c_d+c_bf)^2*E82/(b_fpu*p_N*p_B))))),0) -> 0 | F96: =IF(AND(F88=1,F84=0),MIN(1,IF(4*c_d*c_bf/(c_d+c_bf)^2*F82/(b_fpu*p_N*p_B)>=1,1,2*SQRT(4*c_d*c_bf/(c_d+c_bf)^2*F82/(b_fpu*p_N*p_B))/(1+SQRT(1-4*c_d*c_bf/(c_d+c_bf)^2*F82/(b_fpu*p_N*p_B))))),0) -> 0 | G96: =IF(AND(G88=1,G84=0),MIN(1,IF(4*c_d*c_bf/(c_d+c_bf)^2*G82/(b_fpu*p_N*p_B)>=1,1,2*SQRT(4*c_d*c_bf/(c_d+c_bf)^2*G82/(b_fpu*p_N*p_B))/(1+SQRT(1-4*c_d*c_bf/(c_d+c_bf)^2*G82/(b_fpu*p_N*p_B))))),0) -> 0 | H96: =IF(AND(H88=1,H84=0),MIN(1,IF(4*c_d*c_bf/(c_d+c_bf)^2*H82/(b_fpu*p_N*p_B)>=1,1,2*SQRT(4*c_d*c_bf/(c_d+c_bf)^2*H82/(b_fpu*p_N*p_B))/(1+SQRT(1-4*c_d*c_bf/(c_d+c_bf)^2*H82/(b_fpu*p_N*p_B))))),0) -> 0 | I96: =IF(AND(I88=1,I84=0),MIN(1,IF(4*c_d*c_bf/(c_d+c_bf)^2*I82/(b_fpu*p_N*p_B)>=1,1,2*SQRT(4*c_d*c_bf/(c_d+c_bf)^2*I82/(b_fpu*p_N*p_B))/(1+SQRT(1-4*c_d*c_bf/(c_d+c_bf)^2*I82/(b_fpu*p_N*p_B))))),0) -> 0 | J96: =IF(AND(J88=1,J84=0),MIN(1,IF(4*c_d*c_bf/(c_d+c_bf)^2*J82/(b_fpu*p_N*p_B)>=1,1,2*SQRT(4*c_d*c_bf/(c_d+c_bf)^2*J82/(b_fpu*p_N*p_B))/(1+SQRT(1-4*c_d*c_bf/(c_d+c_bf)^2*J82/(b_fpu*p_N*p_B))))),0) -> 0 | K96: =IF(AND(K88=1,K84=0),MIN(1,IF(4*c_d*c_bf/(c_d+c_bf)^2*K82/(b_fpu*p_N*p_B)>=1,1,2*SQRT(4*c_d*c_bf/(c_d+c_bf)^2*K82/(b_fpu*p_N*p_B))/(1+SQRT(1-4*c_d*c_bf/(c_d+c_bf)^2*K82/(b_fpu*p_N*p_B))))),0) -> 0 | ... M96: =IF(AND(M88=1,M84=0),MIN(1,IF(4*c_d*c_bf/(c_d+c_bf)^2*M82/(b_fpu*p_N*p_B)>=1,1,2*SQRT(4*c_d*c_bf/(c_d+c_bf)^2*M82/(b_fpu*p_N*p_B))/(1+SQRT(1-4*c_d*c_bf/(c_d+c_bf)^2*M82/(b_fpu*p_N*p_B))))),0) -> 0
A97: l | B97: Voladizo crítico: máx(m ; n ; λn') | C97: cm | D97: =MAX(cv_m,cv_n,D96*cv_np) -> 12.9 | E97: =MAX(cv_m,cv_n,E96*cv_np) -> 12.9 | F97: =MAX(cv_m,cv_n,F96*cv_np) -> 12.9 | G97: =MAX(cv_m,cv_n,G96*cv_np) -> 12.9 | H97: =MAX(cv_m,cv_n,H96*cv_np) -> 12.9 | I97: =MAX(cv_m,cv_n,I96*cv_np) -> 12.9 | J97: =MAX(cv_m,cv_n,J96*cv_np) -> 12.9 | K97: =MAX(cv_m,cv_n,K96*cv_np) -> 12.9 | ... M97: =MAX(cv_m,cv_n,M96*cv_np) -> 12.9
A98: Mpl,c | B98: Lado compresión: Y ≥ l → fp·l²/2 ; Y < l → fp·Y·(l − Y/2) (DG1 Ec. 4-51a/4-52a) | C98: kgf·cm/cm | D98: =IF(D90>=D97,D91*D97^2/2,D91*D90*(D97-D90/2)) -> 443.39507 | E98: =IF(E90>=E97,E91*E97^2/2,E91*E90*(E97-E90/2)) -> 1361.5364 | F98: =IF(F90>=F97,F91*F97^2/2,F91*F90*(F97-F90/2)) -> 5869.4812 | G98: =IF(G90>=G97,G91*G97^2/2,G91*G90*(G97-G90/2)) -> 5165.4537 | H98: =IF(H90>=H97,H91*H97^2/2,H91*H90*(H97-H90/2)) -> 940.74945 | I98: =IF(I90>=I97,I91*I97^2/2,I91*I90*(I97-I90/2)) -> 0 | J98: =IF(J90>=J97,J91*J97^2/2,J91*J90*(J97-J90/2)) -> 0 | K98: =IF(K90>=K97,K91*K97^2/2,K91*K90*(K97-K90/2)) -> 0 | ... M98: =IF(M90>=M97,M91*M97^2/2,M91*M90*(M97-M90/2)) -> 0
A99: Mpl,t | B99: Lado tracción: Tu·x/B (DG1 Ec. 4-62) | C99: kgf·cm/cm | D99: =D95*MAX(p_xt,0)/p_B -> 0 | E99: =E95*MAX(p_xt,0)/p_B -> 0 | F99: =F95*MAX(p_xt,0)/p_B -> 2384.7967 | G99: =G95*MAX(p_xt,0)/p_B -> 2807.4953 | H99: =H95*MAX(p_xt,0)/p_B -> 1228.5464 | I99: =I95*MAX(p_xt,0)/p_B -> 0 | J99: =J95*MAX(p_xt,0)/p_B -> 0 | K99: =K95*MAX(p_xt,0)/p_B -> 0 | ... M99: =M95*MAX(p_xt,0)/p_B -> 0
A100: ratio | B100: Flexión placa, compresión: Mpl,c/φMn | C100: - | D100: =D98/p_phiMn -> 0.063584568 | E100: =E98/p_phiMn -> 0.19524958 | F100: =F98/p_phiMn -> 0.84170633 | G100: =G98/p_phiMn -> 0.74074605 | H100: =H98/p_phiMn -> 0.13490711 | I100: =I98/p_phiMn -> 0 | J100: =J98/p_phiMn -> 0 | K100: =K98/p_phiMn -> 0 | ... M100: =M98/p_phiMn -> 0
A101: ratio | B101: Flexión placa, tracción: Mpl,t/φMn | C101: - | D101: =D99/p_phiMn -> 0 | E101: =E99/p_phiMn -> 0 | F101: =F99/p_phiMn -> 0.34198908 | G101: =G99/p_phiMn -> 0.40260569 | H101: =H99/p_phiMn -> 0.17617831 | I101: =I99/p_phiMn -> 0 | J101: =J99/p_phiMn -> 0 | K101: =K99/p_phiMn -> 0 | ... M101: =M99/p_phiMn -> 0
A102: tp,req | B102: Espesor requerido √(4·máx(Mpl)/(0.9·Fy)) | C102: mm | D102: =SQRT(4*MAX(D98,D99)/(0.9*pl_Fy))*10 -> 8.8255933 | E102: =SQRT(4*MAX(E98,E99)/(0.9*pl_Fy))*10 -> 15.465469 | F102: =SQRT(4*MAX(F98,F99)/(0.9*pl_Fy))*10 -> 32.110594 | G102: =SQRT(4*MAX(G98,G99)/(0.9*pl_Fy))*10 -> 30.123312 | H102: =SQRT(4*MAX(H98,H99)/(0.9*pl_Fy))*10 -> 14.69076 | I102: =SQRT(4*MAX(I98,I99)/(0.9*pl_Fy))*10 -> 0 | J102: =SQRT(4*MAX(J98,J99)/(0.9*pl_Fy))*10 -> 0 | K102: =SQRT(4*MAX(K98,K99)/(0.9*pl_Fy))*10 -> 0 | ... M102: =SQRT(4*MAX(M98,M99)/(0.9*pl_Fy))*10 -> 0
...

Sheet CATALOGOS
A1: CATÁLOGOS — se pueden ampliar agregando filas al final de cada tabla (dentro del rango indicado)
A3: Perfiles (HA: catálogo KUBIEC; W: AISC, redondeado a mm) | G3: Acero de placa (kgf/cm²) | K3: Pernos de anclaje (kgf/cm²) — ASTM F1554 | O3: Diámetros (UNC) | S3: Espesor placa (mm) | U3: f'c (kgf/cm²) | W3: Electrodo (kgf/cm²) | Z3: Opción | AB3: Pernos por fila | AD3: Varilla (mm)
A4: Perfil | B4: d (mm) | C4: bf (mm) | D4: tw (mm) | E4: tf (mm) | G4: Acero | H4: Fy | I4: Fu | K4: Material | L4: fya | M4: futa | O4: Diámetro | P4: da (in) | Q4: hilos/in | S4: tp | U4: f'c | W4: Electrodo | X4: FEXX | Z4: Sí/No | AB4: n | AD4: Ø | AE4: As (cm²)
A5: ARMADO (flejes soldados) | G5: A36 | H5: 2530 | I5: 4080 | K5: F1554 Gr36 | L5: 2530 | M5: 4080 | O5: 1/2" | P5: 0.5 | Q5: 13 | S5: 10 | U5: 210 | W5: E60XX | X5: 4220 | Z5: Sí | AB5: 2 | AD5: 8 | AE5: 0.503
A6: HA200X140X6X12 | B6: 200 | C6: 140 | D6: 6 | E6: 12 | G6: A572 Gr50 | H6: 3515 | I6: 4570 | K6: F1554 Gr55 | L6: 3870 | M6: 5270 | O6: 5/8" | P6: 0.625 | Q6: 11 | S6: 12 | U6: 240 | W6: E70XX | X6: 4920 | Z6: No | AB6: 3 | AD6: 10 | AE6: 0.785
A7: HA220X160X6X12 | B7: 220 | C7: 160 | D7: 6 | E7: 12 | G7: A588 Gr50 | H7: 3515 | I7: 4920 | K7: F1554 Gr105 | L7: 7380 | M7: 8790 | O7: 3/4" | P7: 0.75 | Q7: 10 | S7: 15 | U7: 280 | AB7: 4 | AD7: 12 | AE7: 1.131
A8: HA240X180X6X12 | B8: 240 | C8: 180 | D8: 6 | E8: 12 | K8: A36 varilla roscada | L8: 2530 | M8: 4080 | O8: 7/8" | P8: 0.875 | Q8: 9 | S8: 16 | U8: 300 | AD8: 14 | AE8: 1.539
A9: HA260X180X6X12 | B9: 260 | C9: 180 | D9: 6 | E9: 12 | O9: 1" | P9: 1 | Q9: 8 | S9: 19 | U9: 350 | AD9: 16 | AE9: 2.011
A10: HA280X180X6X12 | B10: 280 | C10: 180 | D10: 6 | E10: 12 | O10: 1-1/8" | P10: 1.125 | Q10: 7 | S10: 20 | U10: 420 | AD10: 18 | AE10: 2.545
A11: HA300X180X6X12 | B11: 300 | C11: 180 | D11: 6 | E11: 12 | O11: 1-1/4" | P11: 1.25 | Q11: 7 | S11: 22 | AD11: 20 | AE11: 3.142
A12: HA320X180X6X12 | B12: 320 | C12: 180 | D12: 6 | E12: 12 | O12: 1-3/8" | P12: 1.375 | Q12: 6 | S12: 25 | AD12: 22 | AE12: 3.801
A13: HA340X180X6X12 | B13: 340 | C13: 180 | D13: 6 | E13: 12 | O13: 1-1/2" | P13: 1.5 | Q13: 6 | S13: 28 | AD13: 25 | AE13: 4.909
A14: HA360X180X6X12 | B14: 360 | C14: 180 | D14: 6 | E14: 12 | O14: 1-3/4" | P14: 1.75 | Q14: 5 | S14: 30
A15: HA380X200X8X15 | B15: 380 | C15: 200 | D15: 8 | E15: 15 | O15: 2" | P15: 2 | Q15: 4.5 | S15: 32
A16: HA400X200X8X15 | B16: 400 | C16: 200 | D16: 8 | E16: 15 | S16: 35
A17: HA420X210X8X15 | B17: 420 | C17: 210 | D17: 8 | E17: 15 | S17: 38
A18: HA440X220X8X15 | B18: 440 | C18: 220 | D18: 8 | E18: 15 | S18: 40
A19: HA460X230X8X15 | B19: 460 | C19: 230 | D19: 8 | E19: 15 | S19: 45
A20: HA480X240X8X15 | B20: 480 | C20: 240 | D20: 8 | E20: 15 | S20: 50
A21: HA500X250X10X15 | B21: 500 | C21: 250 | D21: 10 | E21: 15 | S21: 55
A22: HA520X260X10X15 | B22: 520 | C22: 260 | D22: 10 | E22: 15 | S22: 60
A23: HA540X270X10X15 | B23: 540 | C23: 270 | D23: 10 | E23: 15 | S23: 65
A24: W8X31 | B24: 203 | C24: 203 | D24: 7.2 | E24: 11 | S24: 70
A25: W10X33 | B25: 247 | C25: 202 | D25: 7.4 | E25: 11 | S25: 75
A26: W10X49 | B26: 254 | C26: 254 | D26: 8.6 | E26: 14.2 | S26: 80
A27: W12X40 | B27: 303 | C27: 203 | D27: 7.5 | E27: 13.1
A28: W12X53 | B28: 306 | C28: 254 | D28: 8.8 | E28: 14.6
A29: W12X65 | B29: 308 | C29: 305 | D29: 9.9 | E29: 15.4
A30: W14X48 | B30: 351 | C30: 204 | D30: 8.6 | E30: 15.1
A31: W14X68 | B31: 357 | C31: 255 | D31: 10.5 | E31: 18.3
A32: W14X90 | B32: 356 | C32: 368 | D32: 11.2 | E32: 18
A33: W16X57 | B33: 417 | C33: 181 | D33: 10.9 | E33: 18.2
A34: W18X60 | B34: 455 | C34: 191 | D34: 11.4 | E34: 17.3
A35: W24X76 | B35: 608 | C35: 228 | D35: 11.2 | E35: 17.3
A40: Conversión: 1 ksi = 70.307 kgf/cm². futa F1554: Gr36 58 ksi, Gr55 75 ksi, Gr105 125 ksi (ASTM F1554). Ase = 0.7854·(da − 0.9743/nt)² [in²]; Abrg tuerca hex. pesada = 0.866·(1.5da+1/8)² − π·da²/4 [in²].

Sheet DIBUJO
A1: Coordenadas para las vistas de la hoja DISEÑO (normalizadas a ±1). No editar.
D2: Pedestal | G2: Placa | J2: Columna | M2: Pernos tracción | P2: Pernos compresión | S2: Pedestal | V2: Grout | Y2: Placa | AB2: Columna | AE2: Ala izq. | AH2: Ala der. | AK2: Perno T | AN2: Perno C | AQ2: Tuercas
A3: Escala planta S | B3: =MAX(ped_Np,ped_Bp,p_N,p_B)/2*1.08 -> 48.6 | D3: x | E3: y | G3: x | H3: y | J3: x | K3: y | M3: x | N3: y | P3: x | Q3: y | S3: x | T3: y | V3: x | W3: y | Y3: x | Z3: y | AB3: x | AC3: y | AE3: x | AF3: y | AH3: x | AI3: y | AK3: x | AL3: y | AN3: x | AO3: y | AQ3: x | AR3: y
A4: z mín | B4: =-(g_hef+10) -> -60 | D4: =(-ped_Np/2)/dS -> -0.92592593 | E4: =(-ped_Bp/2)/dS -> -0.82304527 | G4: =(-p_N/2)/dS -> -0.61728395 | H4: =(-p_B/2)/dS -> -0.41152263 | J4: =(-c_d/2)/dS -> -0.37037037 | K4: =(-c_bf/2)/dS -> -0.18518519 | M4: =(-g_f)/dS -> -0.51440329 | N4: =(IF(1<=a_nf,-g_xb+(1-1)*2*g_xb/MAX(a_nf-1,1),-g_xb))/dS -> -0.30864198 | P4: =(g_f)/dS -> 0.51440329 | Q4: =(IF(1<=a_nf,-g_xb+(1-1)*2*g_xb/MAX(a_nf-1,1),-g_xb))/dS -> -0.30864198 | S4: =(-ped_Np/2)/dSe -> -0.92592593 | T4: =((dzmin)-dzc)/dSe -> -0.90123457 | V4: =(-p_N/2-p_g)/dSe -> -0.66872428 | W4: =((0)-dzc)/dSe -> 0.33333333 | Y4: =(-p_N/2)/dSe -> -0.61728395 | Z4: =((p_g)-dzc)/dSe -> 0.38477366 | AB4: =(-c_d/2)/dSe -> -0.37037037 | AC4: =((dzmax)-dzc)/dSe -> 0.90123457 | AE4: =(-c_d/2+c_tf)/dSe -> -0.34567901 | AF4: =(((p_g+p_tp))-dzc)/dSe -> 0.45679012 | AH4: =(c_d/2-c_tf)/dSe -> 0.34567901 | AI4: =(((p_g+p_tp))-dzc)/dSe -> 0.45679012 | AK4: =(-g_f)/dSe -> -0.51440329 | AL4: =(((p_g+p_tp)+4)-dzc)/dSe -> 0.53909465 | AN4: =(g_f)/dSe -> 0.51440329 | AO4: =(((p_g+p_tp)+4)-dzc)/dSe -> 0.53909465 | AQ4: =(-g_f)/dSe -> -0.51440329 | AR4: =((-g_hef)-dzc)/dSe -> -0.69547325
A5: z máx | B5: =p_g+p_tp+MAX(0.6*c_d,15) -> 27.6 | D5: =(-ped_Np/2)/dS -> -0.92592593 | E5: =(ped_Bp/2)/dS -> 0.82304527 | G5: =(-p_N/2)/dS -> -0.61728395 | H5: =(p_B/2)/dS -> 0.41152263 | J5: =(-c_d/2)/dS -> -0.37037037 | K5: =(c_bf/2)/dS -> 0.18518519 | M5: =(-g_f)/dS -> -0.51440329 | N5: =(IF(2<=a_nf,-g_xb+(2-1)*2*g_xb/MAX(a_nf-1,1),-g_xb))/dS -> 0.30864198 | P5: =(g_f)/dS -> 0.51440329 | Q5: =(IF(2<=a_nf,-g_xb+(2-1)*2*g_xb/MAX(a_nf-1,1),-g_xb))/dS -> 0.30864198 | S5: =(-ped_Np/2)/dSe -> -0.92592593 | T5: =((0)-dzc)/dSe -> 0.33333333 | V5: =(-p_N/2)/dSe -> -0.61728395 | W5: =((p_g)-dzc)/dSe -> 0.38477366 | Y5: =(-p_N/2)/dSe -> -0.61728395 | Z5: =(((p_g+p_tp))-dzc)/dSe -> 0.45679012 | AB5: =(-c_d/2)/dSe -> -0.37037037 | AC5: =(((p_g+p_tp))-dzc)/dSe -> 0.45679012 | AE5: =(-c_d/2+c_tf)/dSe -> -0.34567901 | AF5: =((dzmax)-dzc)/dSe -> 0.90123457 | AH5: =(c_d/2-c_tf)/dSe -> 0.34567901 | AI5: =((dzmax)-dzc)/dSe -> 0.90123457 | AK5: =(-g_f)/dSe -> -0.51440329 | AL5: =((-g_hef)-dzc)/dSe -> -0.69547325 | AN5: =(g_f)/dSe -> 0.51440329 | AO5: =((-g_hef)-dzc)/dSe -> -0.69547325 | AQ5: =(g_f)/dSe -> 0.51440329 | AR5: =((-g_hef)-dzc)/dSe -> -0.69547325
A6: Escala elevación | B6: =MAX(ped_Np,p_N+2*p_g,dzmax-dzmin)/2*1.08 -> 48.6 | D6: =(ped_Np/2)/dS -> 0.92592593 | E6: =(ped_Bp/2)/dS -> 0.82304527 | G6: =(p_N/2)/dS -> 0.61728395 | H6: =(p_B/2)/dS -> 0.41152263 | J6: =(-c_d/2+c_tf)/dS -> -0.34567901 | K6: =(c_bf/2)/dS -> 0.18518519 | M6: =(-g_f)/dS -> -0.51440329 | N6: =(IF(3<=a_nf,-g_xb+(3-1)*2*g_xb/MAX(a_nf-1,1),-g_xb))/dS -> -0.30864198 | P6: =(g_f)/dS -> 0.51440329 | Q6: =(IF(3<=a_nf,-g_xb+(3-1)*2*g_xb/MAX(a_nf-1,1),-g_xb))/dS -> -0.30864198 | S6: =(ped_Np/2)/dSe -> 0.92592593 | T6: =((0)-dzc)/dSe -> 0.33333333 | V6: =(p_N/2)/dSe -> 0.61728395 | W6: =((p_g)-dzc)/dSe -> 0.38477366 | Y6: =(p_N/2)/dSe -> 0.61728395 | Z6: =(((p_g+p_tp))-dzc)/dSe -> 0.45679012 | AB6: =(c_d/2)/dSe -> 0.37037037 | AC6: =(((p_g+p_tp))-dzc)/dSe -> 0.45679012 | AQ6: =(-g_f)/dSe -> -0.51440329 | AR6: =(((p_g+p_tp)+1)-dzc)/dSe -> 0.47736626
A7: z centro | B7: =(dzmax+dzmin)/2 -> -16.2 | D7: =(ped_Np/2)/dS -> 0.92592593 | E7: =(-ped_Bp/2)/dS -> -0.82304527 | G7: =(p_N/2)/dS -> 0.61728395 | H7: =(-p_B/2)/dS -> -0.41152263 | J7: =(-c_d/2+c_tf)/dS -> -0.34567901 | K7: =(c_tw/2)/dS -> 0.0061728395 | M7: =(-g_f)/dS -> -0.51440329 | N7: =(IF(4<=a_nf,-g_xb+(4-1)*2*g_xb/MAX(a_nf-1,1),-g_xb))/dS -> -0.30864198 | P7: =(g_f)/dS -> 0.51440329 | Q7: =(IF(4<=a_nf,-g_xb+(4-1)*2*g_xb/MAX(a_nf-1,1),-g_xb))/dS -> -0.30864198 | S7: =(ped_Np/2)/dSe -> 0.92592593 | T7: =((dzmin)-dzc)/dSe -> -0.90123457 | V7: =(p_N/2+p_g)/dSe -> 0.66872428 | W7: =((0)-dzc)/dSe -> 0.33333333 | Y7: =(p_N/2)/dSe -> 0.61728395 | Z7: =((p_g)-dzc)/dSe -> 0.38477366 | AB7: =(c_d/2)/dSe -> 0.37037037 | AC7: =((dzmax)-dzc)/dSe -> 0.90123457 | AQ7: =(g_f)/dSe -> 0.51440329 | AR7: =(((p_g+p_tp)+1)-dzc)/dSe -> 0.47736626
D8: =(-ped_Np/2)/dS -> -0.92592593 | E8: =(-ped_Bp/2)/dS -> -0.82304527 | G8: =(-p_N/2)/dS -> -0.61728395 | H8: =(-p_B/2)/dS -> -0.41152263 | J8: =(c_d/2-c_tf)/dS -> 0.34567901 | K8: =(c_tw/2)/dS -> 0.0061728395 | Y8: =(-p_N/2)/dSe -> -0.61728395 | Z8: =((p_g)-dzc)/dSe -> 0.38477366
J9: =(c_d/2-c_tf)/dS -> 0.34567901 | K9: =(c_bf/2)/dS -> 0.18518519
J10: =(c_d/2)/dS -> 0.37037037 | K10: =(c_bf/2)/dS -> 0.18518519
J11: =(c_d/2)/dS -> 0.37037037 | K11: =(-c_bf/2)/dS -> -0.18518519
J12: =(c_d/2-c_tf)/dS -> 0.34567901 | K12: =(-c_bf/2)/dS -> -0.18518519
J13: =(c_d/2-c_tf)/dS -> 0.34567901 | K13: =(-c_tw/2)/dS -> -0.0061728395
J14: =(-c_d/2+c_tf)/dS -> -0.34567901 | K14: =(-c_tw/2)/dS -> -0.0061728395
J15: =(-c_d/2+c_tf)/dS -> -0.34567901 | K15: =(-c_bf/2)/dS -> -0.18518519
J16: =(-c_d/2)/dS -> -0.37037037 | K16: =(-c_bf/2)/dS -> -0.18518519
